Date,Open,High,Low,Close,Volume
2023-01-03,130.28,130.9,124.17,125.07,112117500
2023-01-04,126.89,128.66,125.08,126.36,89113600
2023-01-05,127.13,127.77,124.76,125.02,80962700
2023-01-06,126.01,130.29,124.89,129.62,87754700
2023-01-09,130.47,133.41,129.89,130.15,70790800
2023-01-10,130.26,131.26,128.12,130.73,63896200
2023-01-11,131.25,133.51,130.46,133.49,69458900
2023-01-12,133.88,134.26,131.44,133.41,71379600
2023-01-13,132.03,134.92,131.66,134.76,57809700
2023-01-17,134.83,137.29,134.13,135.94,63646600
2023-01-18,136.82,138.61,135.03,135.21,69672800
2023-01-19,134.08,136.25,133.77,135.27,58280400
2023-01-20,135.28,138.02,134.22,137.87,80223600
2023-01-23,138.12,143.32,137.9,141.11,81760300
2023-01-24,140.31,143.16,140.3,142.53,66435100
2023-01-25,140.89,142.43,138.81,141.86,65799300
2023-01-26,143.17,144.25,141.9,143.96,54105100
2023-01-27,143.16,147.23,143.08,145.93,70555800
2023-01-30,144.96,145.55,142.85,143,64015300
2023-01-31,142.7,144.34,142.28,144.29,65874500
2023-02-01,143.97,146.61,141.32,145.43,77663600
2023-02-02,148.9,151.18,148.17,150.82,118339000
2023-02-03,148.03,157.38,147.83,154.5,154357300
2023-02-06,152.57,153.1,150.78,151.73,69858300
2023-02-07,150.64,155.23,150.64,154.65,83322600
2023-02-08,153.88,154.58,151.17,151.92,64120100
2023-02-09,153.78,154.33,150.42,150.87,56007100
2023-02-10,149.46,151.34,149.22,151.01,57450700
2023-02-13,150.95,154.26,150.92,153.85,62199000
2023-02-14,152.12,153.77,150.86,153.2,61707600
2023-02-15,153.11,155.5,152.88,155.33,65573800
2023-02-16,153.51,156.33,153.35,153.71,68167900
2023-02-17,152.35,153,150.85,152.55,59144100
2023-02-21,150.2,151.3,148.41,148.48,58867200
2023-02-22,148.87,149.95,147.16,148.91,51011300
2023-02-23,150.09,150.34,147.24,149.4,48394200
2023-02-24,147.11,147.19,145.72,146.71,55469600
2023-02-27,147.71,149.17,147.45,147.92,44998500
2023-02-28,147.05,149.08,146.83,147.41,50547000
2023-03-01,146.83,147.23,145.01,145.31,55479000
2023-03-02,144.38,146.71,143.9,145.91,52238100
2023-03-03,148.04,151.11,147.33,151.03,70732300
2023-03-06,153.79,156.3,153.46,153.83,87558000
2023-03-07,153.7,154.03,151.13,151.6,56182000
2023-03-08,152.81,153.47,151.83,152.87,47204800
2023-03-09,153.56,154.54,150.23,150.59,53833600
2023-03-10,150.21,150.94,147.61,148.5,68572400
2023-03-13,147.81,153.14,147.7,150.47,84457100
2023-03-14,151.28,153.4,150.1,152.59,73695900
2023-03-15,151.19,153.25,149.92,152.99,77167900
2023-03-16,152.16,156.46,151.64,155.85,76161100
2023-03-17,156.08,156.74,154.28,155,98944600
2023-03-20,155.07,157.82,154.15,157.4,73641400
2023-03-21,157.32,159.4,156.54,159.28,73938300
2023-03-22,159.3,162.14,157.81,157.83,75701800
2023-03-23,158.83,161.55,157.68,158.93,67622100
2023-03-24,158.86,160.34,157.85,160.25,59196500
2023-03-27,159.94,160.77,157.87,158.28,52390300
2023-03-28,157.97,158.49,155.98,157.65,45992200
2023-03-29,159.37,161.05,159.35,160.77,51305700
2023-03-30,161.53,162.47,161.27,162.36,49501700
2023-03-31,162.44,165,161.91,164.9,68749800
2023-04-03,164.27,166.29,164.22,166.17,56976200
2023-04-04,166.6,166.84,165.11,165.63,46278300
2023-04-05,164.74,165.05,161.8,163.76,51511700
2023-04-06,162.43,164.96,162,164.66,45390100
2023-04-10,161.42,162.03,160.08,162.03,47716900
2023-04-11,162.35,162.36,160.51,160.8,47644200
2023-04-12,161.22,162.06,159.78,160.1,50133100
2023-04-13,161.63,165.8,161.42,165.56,68445600
2023-04-14,164.59,166.32,163.82,165.21,49386500
2023-04-17,165.09,165.39,164.03,165.23,41516200
2023-04-18,166.1,167.41,165.65,166.47,49923000
2023-04-19,165.8,168.16,165.54,167.63,47720200
2023-04-20,166.09,167.87,165.56,166.65,52456400
2023-04-21,165.05,166.45,164.49,165.02,58337300
2023-04-24,165,165.6,163.89,165.33,41949600
2023-04-25,165.19,166.31,163.73,163.77,48714100
2023-04-26,163.06,165.28,162.8,163.76,45498800
2023-04-27,165.19,168.56,165.19,168.41,64902300
2023-04-28,168.49,169.85,167.88,169.68,55275900
2023-05-01,169.28,170.45,168.64,169.59,52472900
2023-05-02,170.09,170.35,167.54,168.54,48425700
2023-05-03,169.5,170.92,167.16,167.45,65136000
2023-05-04,164.89,167.04,164.31,165.79,81235400
2023-05-05,170.98,174.3,170.76,173.57,113453200
2023-05-08,172.48,173.85,172.11,173.5,55962800
2023-05-09,173.05,173.54,171.6,171.77,45326900
2023-05-10,173.02,174.03,171.9,173.56,53724500
2023-05-11,173.85,174.59,172.17,173.75,49514700
2023-05-12,173.62,174.06,171,172.57,45533100
2023-05-15,173.16,173.21,171.47,172.07,37266700
2023-05-16,171.99,173.14,171.8,172.07,42110300
2023-05-17,171.71,172.93,170.42,172.69,57951600
2023-05-18,173,175.24,172.58,175.05,65496700
2023-05-19,176.39,176.39,174.94,175.16,55809500
2023-05-22,173.98,174.71,173.45,174.2,43570900
2023-05-23,173.13,173.38,171.28,171.56,50747300
2023-05-24,171.09,172.42,170.52,171.84,45143500
2023-05-25,172.41,173.9,171.69,172.99,56058300
2023-05-26,173.32,175.77,173.11,175.43,54835000
2023-05-30,176.96,178.99,176.57,177.3,55964400
2023-05-31,177.33,179.35,176.76,177.25,99625300
2023-06-01,177.7,180.12,176.93,180.09,68901800
2023-06-02,181.03,181.78,179.26,180.95,61996900
2023-06-05,182.63,184.95,178.04,179.58,121946500
2023-06-06,179.97,180.12,177.43,179.21,64848400
2023-06-07,178.44,181.21,177.32,177.82,61944600
2023-06-08,177.9,180.84,177.46,180.57,50214900
2023-06-09,181.5,182.23,180.63,180.96,48900000
2023-06-12,181.27,183.89,180.97,183.79,54274900
2023-06-13,182.8,184.15,182.44,183.31,54929100
2023-06-14,183.37,184.39,182.02,183.95,57462900
2023-06-15,183.96,186.52,183.78,186.01,65433200
2023-06-16,186.73,186.99,184.27,184.92,101256200
2023-06-20,184.41,186.1,184.41,185.01,49799100
2023-06-21,184.9,185.41,182.59,183.96,49515700
2023-06-22,183.74,187.05,183.67,187,51245300
2023-06-23,185.55,187.56,185.01,186.68,53117000
2023-06-26,186.83,188.05,185.23,185.27,48088700
2023-06-27,185.89,188.39,185.67,188.06,50730800
2023-06-28,187.93,189.9,187.6,189.25,51216800
2023-06-29,189.08,190.07,188.94,189.59,46347300
2023-06-30,191.63,194.48,191.26,193.97,85213200
2023-07-03,193.78,193.88,191.76,192.46,31458200
2023-07-05,191.57,192.98,190.62,191.33,46920300
2023-07-06,189.84,192.02,189.2,191.81,45094300
2023-07-07,191.41,192.67,190.24,190.68,46815000
2023-07-10,189.26,189.99,187.04,188.61,59922200
2023-07-11,189.16,189.3,186.6,188.08,46638100
2023-07-12,189.68,191.7,188.47,189.77,60750200
2023-07-13,190.5,191.19,189.78,190.54,41342300
2023-07-14,190.23,191.18,189.63,190.69,41616200
2023-07-17,191.9,194.32,191.81,193.99,50520200
2023-07-18,193.35,194.33,192.42,193.73,48288200
2023-07-19,193.1,198.23,192.65,195.1,80507300
2023-07-20,195.09,196.47,192.5,193.13,59581200
2023-07-21,194.1,194.97,191.23,191.94,71951700
2023-07-24,193.41,194.91,192.25,192.75,45377800
2023-07-25,193.33,194.44,192.92,193.62,37283200
2023-07-26,193.67,195.64,193.32,194.5,47471900
2023-07-27,196.02,197.2,192.55,193.22,47460200
2023-07-28,194.67,196.63,194.14,195.83,48291400
2023-07-31,196.06,196.49,195.26,196.45,38824100
2023-08-01,196.24,196.73,195.28,195.61,35175100
2023-08-02,195.04,195.18,191.85,192.58,50389300
2023-08-03,191.57,192.37,190.69,191.17,61235200
2023-08-04,185.52,187.38,181.92,181.99,115956800
2023-08-07,182.13,183.13,177.35,178.85,97576100
2023-08-08,179.69,180.27,177.58,179.8,67823000
2023-08-09,180.87,180.93,177.01,178.19,60378500
2023-08-10,179.48,180.75,177.6,177.97,54686900
2023-08-11,177.32,178.62,176.55,177.79,52036700
2023-08-14,177.97,179.69,177.31,179.46,43675600
2023-08-15,178.88,179.48,177.05,177.45,43622600
2023-08-16,177.13,178.54,176.5,176.57,46964900
2023-08-17,177.14,177.51,173.48,174,66062900
2023-08-18,172.3,175.1,171.96,174.49,61172200
2023-08-21,175.07,176.13,173.74,175.84,46311900
2023-08-22,177.06,177.68,176.25,177.23,42038900
2023-08-23,178.52,181.55,178.33,181.12,52722800
2023-08-24,180.67,181.1,176.01,176.38,54945800
2023-08-25,177.38,179.15,175.82,178.61,51449600
2023-08-28,180.09,180.59,178.55,180.19,43820700
2023-08-29,179.7,184.9,179.5,184.12,53003900
2023-08-30,184.94,187.85,184.74,187.65,60813900
2023-08-31,187.84,189.12,187.48,187.87,60794500
2023-09-01,189.49,189.92,188.28,189.46,45766500
2023-09-05,188.28,189.98,187.61,189.7,45280000
2023-09-06,188.4,188.85,181.47,182.91,81755800
2023-09-07,175.18,178.21,173.54,177.56,112488800
2023-09-08,178.35,180.24,177.79,178.18,65551300
2023-09-11,180.07,180.3,177.34,179.36,58953100
2023-09-12,179.49,180.13,174.82,176.3,90370200
2023-09-13,176.51,177.3,173.98,174.21,84267900
2023-09-14,174,176.1,173.58,175.74,60895800
2023-09-15,176.48,176.5,173.82,175.01,109259500
2023-09-18,176.48,179.38,176.17,177.97,67257600
2023-09-19,177.52,179.63,177.13,179.07,51826900
2023-09-20,179.26,179.7,175.4,175.49,58436200
2023-09-21,174.55,176.3,173.86,173.93,63149100
2023-09-22,174.67,177.08,174.05,174.79,56725400
2023-09-25,174.2,176.97,174.15,176.08,46172700
2023-09-26,174.82,175.2,171.66,171.96,64588900
2023-09-27,172.62,173.04,169.05,170.43,66921800
2023-09-28,169.34,172.03,167.62,170.69,56294400
2023-09-29,172.02,173.07,170.34,171.21,51861100
2023-10-02,171.22,174.3,170.93,173.75,52164500
2023-10-03,172.26,173.63,170.82,172.4,49594600
2023-10-04,171.09,174.21,170.97,173.66,53020300
2023-10-05,173.79,175.45,172.68,174.91,48527900
2023-10-06,173.8,177.99,173.18,177.49,57266700
2023-10-09,176.81,179.05,175.8,178.99,42390800
2023-10-10,178.1,179.72,177.95,178.39,43698000
2023-10-11,178.2,179.85,177.6,179.8,47551100
2023-10-12,180.07,182.34,179.04,180.71,56743100
2023-10-13,181.42,181.93,178.14,178.85,51427100
2023-10-16,176.75,179.08,176.51,178.72,52517000
2023-10-17,176.65,178.42,174.8,177.15,57549400
2023-10-18,175.58,177.58,175.11,175.84,54764400
2023-10-19,176.04,177.84,175.19,175.46,59302900
2023-10-20,175.31,175.42,172.64,172.88,64244000
2023-10-23,170.91,174.01,169.93,173,55980100
2023-10-24,173.05,173.67,171.45,173.44,43816600
2023-10-25,171.88,173.06,170.65,171.1,57157000
2023-10-26,170.37,171.38,165.67,166.89,70625300
2023-10-27,166.91,168.96,166.83,168.22,58499100
2023-10-30,169.02,171.17,168.87,170.29,51131000
2023-10-31,169.35,170.9,167.9,170.77,44846000
2023-11-01,171,174.23,170.12,173.97,56934900
2023-11-02,175.52,177.78,175.46,177.57,77334800
2023-11-03,174.24,176.82,173.35,176.65,79829200
2023-11-06,176.38,179.43,176.21,179.23,63841300
2023-11-07,179.18,182.44,178.97,181.82,70530000
2023-11-08,182.35,183.45,181.59,182.89,49340300
2023-11-09,182.96,184.12,181.81,182.41,53763500
2023-11-10,183.97,186.57,183.53,186.4,66133400
2023-11-13,185.82,186.03,184.21,184.8,43627500
2023-11-14,187.7,188.11,186.3,187.44,60108400
2023-11-15,187.85,189.5,187.78,188.01,53790500
2023-11-16,189.57,190.96,188.65,189.71,54412900
2023-11-17,190.25,190.38,188.57,189.69,50922700
2023-11-20,189.89,191.91,189.88,191.45,46505100
2023-11-21,191.41,191.52,189.74,190.64,38134500
2023-11-22,191.49,192.93,190.83,191.31,39617700
2023-11-24,190.87,190.9,189.25,189.97,24048300
2023-11-27,189.92,190.67,188.9,189.79,40552600
2023-11-28,189.78,191.08,189.4,190.4,38415400
2023-11-29,190.9,192.09,188.97,189.37,43014200
2023-11-30,189.84,190.32,188.19,189.95,48794400
2023-12-01,190.33,191.56,189.23,191.24,45704800
2023-12-04,189.98,190.05,187.45,189.43,43389500
2023-12-05,190.21,194.4,190.18,193.42,66628400
2023-12-06,194.45,194.76,192.11,192.32,41089700
2023-12-07,193.63,195,193.59,194.27,47477700
2023-12-08,194.2,195.99,193.67,195.71,53406400
2023-12-11,193.11,193.49,191.42,193.18,60943700
2023-12-12,193.08,194.72,191.72,194.71,52696900
2023-12-13,195.09,198,194.85,197.96,70404200
2023-12-14,198.02,199.62,196.16,198.11,66831600
2023-12-15,197.53,198.4,197,197.57,128538400
2023-12-18,196.09,196.63,194.39,195.89,55751900
2023-12-19,196.16,196.95,195.89,196.94,40714100
2023-12-20,196.9,197.68,194.83,194.83,52242800
2023-12-21,196.1,197.08,193.5,194.68,46482500
2023-12-22,195.18,195.41,192.97,193.6,37149600
2023-12-26,193.61,193.89,192.83,193.05,28919300
2023-12-27,192.49,193.5,191.09,193.15,48087700
2023-12-28,194.14,194.66,193.17,193.58,34049900
2023-12-29,193.9,194.4,191.73,192.53,42672100
2024-01-02,187.15,188.44,183.89,185.64,82488700
2024-01-03,184.22,185.88,183.43,184.25,58414500
2024-01-04,182.15,183.09,180.88,181.91,71983600
2024-01-05,181.99,182.76,180.17,181.18,62379700
2024-01-08,182.09,185.6,181.5,185.56,59144500
2024-01-09,183.92,185.15,182.73,185.14,42841800
2024-01-10,184.35,186.4,183.92,186.19,46792900
2024-01-11,186.54,187.05,183.62,185.59,49128400
2024-01-12,186.06,186.74,185.19,185.92,40477800
2024-01-16,182.16,184.26,180.93,183.63,65603000
2024-01-17,181.27,182.93,180.3,182.68,47317400
2024-01-18,186.09,189.14,185.83,188.63,78005800
2024-01-19,189.33,191.95,188.82,191.56,68903000
2024-01-22,192.3,195.33,192.26,193.89,60133900
2024-01-23,195.02,195.75,193.83,195.18,42355600
2024-01-24,195.42,196.38,194.34,194.5,53631300
2024-01-25,195.22,196.27,193.11,194.17,54822100
2024-01-26,194.27,194.76,191.94,192.42,44594000
2024-01-29,192.01,192.2,189.58,191.73,47145600
2024-01-30,190.94,191.8,187.47,188.04,55859400
2024-01-31,187.04,187.1,184.35,184.4,55467800
2024-02-01,183.99,186.95,183.82,186.86,64885400
2024-02-02,179.86,187.33,179.25,185.85,102551700
2024-02-05,188.15,189.25,185.84,187.68,69668800
2024-02-06,186.86,189.31,186.77,189.3,43490800
2024-02-07,190.64,191.05,188.61,189.41,53439000
2024-02-08,189.39,189.54,187.35,188.32,40962000
2024-02-09,188.65,189.99,188,188.85,45155200
2024-02-12,188.42,188.67,186.79,187.15,41781900
2024-02-13,185.77,186.21,183.51,185.04,56529500
2024-02-14,185.32,185.53,182.44,184.15,54630500
2024-02-15,183.55,184.49,181.35,183.86,65434500
2024-02-16,183.42,184.85,181.67,182.31,49752500
2024-02-20,181.79,182.43,180,181.56,53665600
2024-02-21,181.94,182.89,180.66,182.32,41371400
2024-02-22,183.48,184.96,182.46,184.37,52292200
2024-02-23,185.01,185.04,182.23,182.52,45119700
2024-02-26,182.24,182.76,180.65,181.16,40867400
2024-02-27,181.1,183.92,179.56,182.63,54318900
2024-02-28,182.51,183.12,180.13,181.42,48953900
2024-02-29,181.27,182.57,179.53,180.75,136682600
2024-03-01,179.55,180.53,177.38,179.66,73563100
2024-03-04,176.15,176.9,173.79,175.1,81510100
2024-03-05,170.76,172.04,169.62,170.12,95132400
2024-03-06,171.06,171.24,168.68,169.12,68587700
2024-03-07,169.15,170.73,168.49,169,71765100
2024-03-08,169,173.7,168.94,170.73,76267000
2024-03-11,172.94,174.38,172.05,172.75,60139500
2024-03-12,173.15,174.03,171.01,173.23,59825400
2024-03-13,172.77,173.19,170.76,171.13,52488700
2024-03-14,172.91,174.31,172.05,173,72913500
2024-03-15,171.17,172.62,170.29,172.62,121752700
2024-03-18,175.57,177.71,173.52,173.72,75604200
2024-03-19,174.34,176.61,173.03,176.08,55215200
2024-03-20,175.72,178.67,175.09,178.67,53423100
2024-03-21,177.05,177.49,170.84,171.37,106181300
2024-03-22,171.76,173.05,170.06,172.28,71160100
2024-03-25,170.57,171.94,169.45,170.85,54288300
2024-03-26,170,171.42,169.58,169.71,57388400
2024-03-27,170.41,173.6,170.11,173.31,60273300
2024-03-28,171.75,172.23,170.51,171.48,65672700
2024-04-01,171.19,171.25,169.48,170.03,46240500
2024-04-02,169.08,169.34,168.23,168.84,49329500
2024-04-03,168.79,170.68,168.58,169.65,47691700
2024-04-04,170.29,171.92,168.82,168.82,53704400
2024-04-05,169.59,170.39,168.95,169.58,42104800
2024-04-08,169.03,169.2,168.24,168.45,37425500
2024-04-09,168.7,170.08,168.35,169.67,42373800
2024-04-10,168.8,169.09,167.11,167.78,49709300
2024-04-11,168.34,175.46,168.16,175.04,91070300
2024-04-12,174.26,178.36,174.21,176.55,101670900
2024-04-15,175.36,176.63,172.5,172.69,73531800
2024-04-16,171.75,173.76,168.27,169.38,73711200
2024-04-17,169.61,170.65,168,168,50901200
2024-04-18,168.03,168.64,166.55,167.04,43122900
2024-04-19,166.21,166.4,164.08,165,68149400
2024-04-22,165.52,167.26,164.77,165.84,48116400
2024-04-23,165.35,167.05,164.92,166.9,49537800
2024-04-24,166.54,169.3,166.21,169.02,48251800
2024-04-25,169.53,170.61,168.15,169.89,50558300
2024-04-26,169.88,171.34,169.18,169.3,44838400
2024-04-29,173.37,176.03,173.1,173.5,68169400
2024-04-30,173.33,174.99,170,170.33,65934800
2024-05-01,169.58,172.71,169.11,169.3,50383100
2024-05-02,172.51,173.42,170.89,173.03,94214900
2024-05-03,186.65,187,182.66,183.38,163224100
2024-05-06,182.35,184.2,180.42,181.71,78569700
2024-05-07,183.45,184.9,181.32,182.4,77305800
2024-05-08,182.85,183.07,181.45,182.74,45057100
2024-05-09,182.56,184.66,182.11,184.57,48983000
2024-05-10,184.9,185.09,182.13,183.05,50759500
2024-05-13,185.44,187.1,184.62,186.28,72044800
2024-05-14,187.51,188.3,186.29,187.43,52393600
2024-05-15,187.91,190.65,187.37,189.72,70400000
2024-05-16,190.47,191.1,189.66,189.84,52845200
2024-05-17,189.51,190.81,189.18,189.87,41282900
2024-05-20,189.33,191.92,189.01,191.04,44361300
2024-05-21,191.09,192.73,190.92,192.35,42309400
2024-05-22,192.27,192.82,190.27,190.9,34648500
2024-05-23,190.98,191,186.63,186.88,51005900
2024-05-24,188.82,190.58,188.04,189.98,36327000
2024-05-28,191.51,193,189.1,189.99,52280100
2024-05-29,189.61,192.25,189.51,190.29,53068000
2024-05-30,190.76,192.18,190.63,191.29,49889100
2024-05-31,191.44,192.57,189.91,192.25,75158300
2024-06-03,192.9,194.99,192.52,194.03,50080500
2024-06-04,194.64,195.32,193.03,194.35,47471400
2024-06-05,195.4,196.9,194.87,195.87,54156800
2024-06-06,195.69,196.5,194.17,194.48,41181800
2024-06-07,194.65,196.94,194.14,196.89,53103900
2024-06-10,196.9,197.3,192.15,193.12,97010200
2024-06-11,193.65,207.16,193.63,207.15,172373300
2024-06-12,207.37,220.2,206.9,213.07,198134300
2024-06-13,214.74,216.75,211.6,214.24,97862700
2024-06-14,213.85,215.17,211.3,212.49,70122700
2024-06-17,213.37,218.95,212.72,216.67,93728300
2024-06-18,217.59,218.63,213,214.29,79943300
2024-06-20,213.93,214.24,208.85,209.68,86172500
2024-06-21,210.39,211.89,207.11,207.49,241805100
2024-06-24,207.72,212.7,206.59,208.14,80727000
2024-06-25,209.15,211.38,208.61,209.07,55549700
2024-06-26,211.5,214.86,210.64,213.25,66213200
2024-06-27,214.69,215.74,212.35,214.1,49772700
2024-06-28,215.77,216.07,210.3,210.62,82542700
2024-07-01,212.09,217.51,211.92,216.75,60402900
2024-07-02,216.15,220.38,215.1,220.27,58046200
2024-07-03,220,221.55,219.03,221.55,37369800
2024-07-05,221.65,226.45,221.65,226.34,60412400
2024-07-08,227.09,227.85,223.25,227.82,59085900
2024-07-09,227.93,229.4,226.37,228.68,48076100
2024-07-10,229.3,233.08,229.25,232.98,62627700
2024-07-11,231.39,232.39,225.77,227.57,64710600
2024-07-12,228.92,232.64,228.68,230.54,53046500
2024-07-15,236.48,237.23,233.09,234.4,62631300
2024-07-16,235,236.27,232.33,234.82,43234300
2024-07-17,229.45,231.46,226.64,228.88,57345900
2024-07-18,230.28,230.44,222.27,224.18,66034600
2024-07-19,224.82,226.8,223.28,224.31,49151500
2024-07-22,227.01,227.78,223.09,223.96,48201800
2024-07-23,224.37,226.94,222.68,225.01,39960300
2024-07-24,224,224.8,217.13,218.54,61777600
2024-07-25,218.93,220.85,214.62,217.49,51391200
2024-07-26,218.7,219.49,216.01,217.96,41601300
2024-07-29,216.96,219.3,215.75,218.24,36311800
2024-07-30,219.19,220.33,216.12,218.8,41643800
2024-07-31,221.44,223.82,220.63,222.08,50036300
2024-08-01,224.37,224.48,217.02,218.36,62501000
2024-08-02,219.15,225.6,217.71,219.86,105568600
2024-08-05,199.09,213.5,196,209.27,119548600
2024-08-06,205.3,209.99,201.07,207.23,69660500
2024-08-07,206.9,213.64,206.39,209.82,63516400
2024-08-08,213.11,214.2,208.83,213.31,47161100
2024-08-09,212.1,216.78,211.97,216.24,42201600
2024-08-12,216.07,219.51,215.6,217.53,38028100
2024-08-13,219.01,221.89,219.01,221.27,44155300
2024-08-14,220.57,223.03,219.7,221.72,41960600
2024-08-15,224.6,225.35,222.76,224.72,46414000
2024-08-16,223.92,226.83,223.65,226.05,44340200
2024-08-19,225.72,225.99,223.04,225.89,40687800
2024-08-20,225.77,227.17,225.45,226.51,30299000
2024-08-21,226.52,227.98,225.05,226.4,34765500
2024-08-22,227.79,228.34,223.9,224.53,43695300
2024-08-23,225.66,228.22,224.33,226.84,38677300
2024-08-26,226.76,227.28,223.89,227.18,30602200
2024-08-27,226,228.85,224.89,228.03,35934600
2024-08-28,227.92,229.86,225.68,226.49,38052200
2024-08-29,230.1,232.92,228.88,229.79,51906300
2024-08-30,230.19,230.4,227.48,229,52990800
2024-09-03,228.55,229,221.17,222.77,50190600
2024-09-04,221.66,221.78,217.48,220.85,43840200
2024-09-05,221.63,225.48,221.52,222.38,36615400
2024-09-06,223.95,225.24,219.77,220.82,48423000
2024-09-09,220.82,221.27,216.71,220.91,67180000
2024-09-10,218.92,221.48,216.73,220.11,51591000
2024-09-11,221.46,223.09,217.89,222.66,44587100
2024-09-12,222.5,223.55,219.82,222.77,37455600
2024-09-13,223.58,224.04,221.91,222.5,36766600
2024-09-16,216.54,217.22,213.92,216.32,59357400
2024-09-17,215.75,216.9,214.5,216.79,45519300
2024-09-18,217.55,222.71,217.54,220.69,59894900
2024-09-19,224.99,229.82,224.63,228.87,66781300
2024-09-20,229.97,233.09,227.62,228.2,318679900
2024-09-23,227.34,229.45,225.81,226.47,54146000
2024-09-24,228.65,229.35,225.73,227.37,43556100
2024-09-25,224.93,227.29,224.02,226.37,42308700
2024-09-26,227.3,228.5,225.41,227.52,36636700
2024-09-27,228.46,229.52,227.3,227.79,34026000
2024-09-30,230.04,233,229.65,233,54541900
2024-10-01,229.52,229.65,223.74,226.21,63285000
2024-10-02,225.89,227.37,223.02,226.78,32880600
2024-10-03,225.14,226.81,223.32,225.67,34044200
2024-10-04,227.9,228,224.13,226.8,37245100
2024-10-07,224.5,225.69,221.33,221.69,39505400
2024-10-08,224.3,225.98,223.25,225.77,31855700
2024-10-09,225.23,229.75,224.83,229.54,33591100
2024-10-10,227.78,229.5,227.17,229.04,28183500
2024-10-11,229.3,229.41,227.34,227.55,31759200
2024-10-14,228.7,231.73,228.6,231.3,39882100
2024-10-15,233.61,237.49,232.37,233.85,64751400
2024-10-16,231.6,232.12,229.84,231.78,34082200
2024-10-17,233.43,233.85,230.52,232.15,32993800
2024-10-18,236.18,236.18,234.01,235,46431500
2024-10-21,234.45,236.85,234.45,236.48,36254500
2024-10-22,233.89,236.22,232.6,235.86,38846600
2024-10-23,234.08,235.14,227.76,230.76,52287000
2024-10-24,229.98,230.82,228.41,230.57,31109500
2024-10-25,229.74,233.22,229.57,231.41,38802300
2024-10-28,233.32,234.73,232.55,233.4,36087100
2024-10-29,233.1,234.33,232.32,233.67,35417200
2024-10-30,232.61,233.47,229.55,230.1,47070900
2024-10-31,229.34,229.83,225.37,225.91,64370100
2024-11-01,220.97,225.35,220.27,222.91,65276700
2024-11-04,220.99,222.79,219.71,222.01,44944500
2024-11-05,221.8,223.95,221.14,223.45,28111300
2024-11-06,222.61,226.07,221.19,222.72,54561100
2024-11-07,224.63,227.88,224.57,227.48,42137700
2024-11-08,227.17,228.66,226.41,226.96,38328800
2024-11-11,225,225.7,221.5,224.23,42005600
2024-11-12,224.55,225.59,223.36,224.23,40398300
2024-11-13,224.01,226.65,222.76,225.12,48566200
2024-11-14,225.02,228.87,225,228.22,44923900
2024-11-15,226.4,226.92,224.27,225,47923700
2024-11-18,225.25,229.74,225.17,228.02,44633700
2024-11-19,226.98,230.16,226.66,228.28,36211800
2024-11-20,228.06,229.93,225.89,229,35169600
2024-11-21,228.88,230.16,225.71,228.52,42108300
2024-11-22,228.06,230.72,228.06,229.87,38168300
2024-11-25,231.46,233.25,229.74,232.87,90152800
2024-11-26,233.33,235.57,233.33,235.06,45986200
2024-11-27,234.47,235.69,233.81,234.93,33498400
2024-11-29,234.81,237.81,233.97,237.33,28481400
2024-12-02,237.27,240.79,237.16,239.59,48137100
2024-12-03,239.81,242.76,238.9,242.65,38861000
2024-12-04,242.87,244.11,241.25,243.01,44383900
2024-12-05,243.99,244.54,242.13,243.04,40033900
2024-12-06,242.91,244.63,242.08,242.84,36870600
2024-12-09,241.83,247.24,241.75,246.75,44649200
2024-12-10,246.89,248.21,245.34,247.77,36914800
2024-12-11,247.96,250.8,246.26,246.49,45205800
2024-12-12,246.89,248.74,245.68,247.96,32777500
2024-12-13,247.82,249.29,246.24,248.13,33155300
2024-12-16,247.99,251.38,247.65,251.04,51694800
2024-12-17,250.08,253.83,249.78,253.48,51356400
2024-12-18,252.16,254.28,247.74,248.05,56774100
2024-12-19,247.5,252,247.09,249.79,60882300
2024-12-20,248.04,255,245.69,254.49,147495300
2024-12-23,254.77,255.65,253.45,255.27,40858800
2024-12-24,255.49,258.21,255.29,258.2,23234700
2024-12-26,258.19,260.1,257.63,259.02,27237100
2024-12-27,257.83,258.7,253.06,255.59,42355300
2024-12-30,252.23,253.5,250.75,252.2,35557500
2024-12-31,252.44,253.28,249.43,250.42,39480700
2025-01-02,248.93,249.1,241.82,243.85,55740700
2025-01-03,243.36,244.18,241.89,243.36,40244100
2025-01-06,244.31,247.33,243.2,245,45045600
2025-01-07,242.98,245.55,241.35,242.21,40856000
2025-01-08,241.92,243.71,240.05,242.7,37628900
2025-01-10,240.01,240.16,233,236.85,61710900
2025-01-13,233.53,234.67,229.72,234.4,49630700
2025-01-14,234.75,236.12,232.47,233.28,39435300
2025-01-15,234.64,238.96,234.43,237.87,39832000
2025-01-16,237.35,238.01,228.03,228.26,71759100
2025-01-17,232.12,232.29,228.48,229.98,68488300
2025-01-21,224,224.42,219.38,222.64,98070400
2025-01-22,219.79,224.12,219.79,223.83,64126500
2025-01-23,224.74,227.03,222.3,223.66,60234800
2025-01-24,224.78,225.63,221.41,222.78,54697900
2025-01-27,224.02,232.15,223.98,229.86,94863400
2025-01-28,230.85,240.19,230.81,238.26,75707600
2025-01-29,234.12,239.86,234.01,239.36,45486100
2025-01-30,238.67,240.79,237.21,237.59,55658300
2025-01-31,247.19,247.19,233.44,236,100959800
2025-02-03,229.99,231.83,225.7,228.01,73063300
2025-02-04,227.25,233.13,226.65,232.8,45067300
2025-02-05,228.53,232.67,228.27,232.47,39620300
2025-02-06,231.29,233.8,230.43,233.22,29925300
2025-02-07,232.6,234,227.26,227.63,39707200
2025-02-10,229.57,230.59,227.2,227.65,33115600
2025-02-11,228.2,235.23,228.13,232.62,53718400
2025-02-12,231.2,236.96,230.68,236.87,45243300
2025-02-13,236.91,242.34,235.57,241.53,53614100
2025-02-14,241.25,245.55,240.99,244.6,40896200
2025-02-18,244.15,245.18,241.84,244.47,48822500
2025-02-19,244.66,246.01,243.16,244.87,32204200
2025-02-20,244.94,246.78,244.29,245.83,32316900
2025-02-21,245.95,248.69,245.22,245.55,53197400
2025-02-24,244.93,248.86,244.42,247.1,51326400
2025-02-25,248,250,244.91,247.04,48013300
2025-02-26,244.33,244.98,239.13,240.36,44433600
2025-02-27,239.41,242.46,237.06,237.3,41153600
2025-02-28,236.95,242.09,230.2,241.84,56833400
2025-03-03,241.79,244.03,236.11,238.03,47184000
2025-03-04,237.71,240.07,234.68,235.93,53798100
2025-03-05,235.42,236.55,229.23,235.74,47227600
2025-03-06,234.44,237.86,233.16,235.33,45170400
2025-03-07,235.11,241.37,234.76,239.07,46273600
2025-03-10,235.54,236.16,224.22,227.48,72071200
2025-03-11,223.81,225.84,217.45,220.84,76137400
2025-03-12,220.14,221.75,214.91,216.98,62547500
2025-03-13,215.95,216.84,208.42,209.68,61368300
2025-03-14,211.25,213.95,209.58,213.49,60107600
2025-03-17,213.31,215.22,209.97,214,48073400
2025-03-18,214.16,215.15,211.49,212.69,42432400
2025-03-19,214.22,218.76,213.75,215.24,54385400
2025-03-20,213.99,217.49,212.22,214.1,48862900
2025-03-21,211.56,218.84,211.28,218.27,94127800
2025-03-24,221,221.48,218.58,220.73,44299500
2025-03-25,220.77,224.1,220.08,223.75,34493600
2025-03-26,223.51,225.02,220.47,221.53,34466100
2025-03-27,221.39,224.99,220.56,223.85,37094800
2025-03-28,221.67,223.81,217.68,217.9,39818600
2025-03-31,217.01,225.62,216.23,222.13,65299300
2025-04-01,219.81,223.68,218.9,223.19,36412700
2025-04-02,221.32,225.19,221.02,223.89,35905900
2025-04-03,205.54,207.49,201.25,203.19,103419000
2025-04-04,193.89,199.88,187.34,188.38,125910900
2025-04-07,177.2,194.15,174.62,181.46,160466300
2025-04-08,186.7,190.34,169.21,172.42,120859500
2025-04-09,171.95,200.61,171.89,198.85,184395900
2025-04-10,189.07,194.78,183,190.42,121880000
2025-04-11,186.1,199.54,186.06,198.15,87435900
2025-04-14,211.44,212.94,201.16,202.52,101352900
2025-04-15,201.86,203.51,199.8,202.14,51343900
2025-04-16,198.36,200.7,192.37,194.27,59732400
2025-04-17,197.2,198.83,194.42,196.98,52164700
2025-04-21,193.27,193.8,189.81,193.16,46742500
2025-04-22,196.12,201.59,195.97,199.74,52976400
2025-04-23,206,208,202.8,204.6,52929200
2025-04-24,204.89,208.83,202.94,208.37,47311000
2025-04-25,206.37,209.75,206.2,209.28,38222300
2025-04-28,210,211.5,207.46,210.14,38743100
2025-04-29,208.69,212.24,208.37,211.21,36827600
2025-04-30,209.3,213.58,206.67,212.5,52286500
2025-05-01,209.08,214.56,208.9,213.32,57365700
2025-05-02,206.09,206.99,202.16,205.35,101010600
2025-05-05,203.1,204.1,198.21,198.89,69018500
2025-05-06,198.21,200.65,197.02,198.51,51216500
2025-05-07,199.17,199.44,193.25,196.25,68536700
2025-05-08,197.72,200.05,194.68,197.49,50478900
2025-05-09,199,200.54,197.54,198.53,36453900
2025-05-12,210.97,211.27,206.75,210.79,63775800
2025-05-13,210.43,213.4,209,212.93,51909300
2025-05-14,212.43,213.94,210.58,212.33,49325800
2025-05-15,210.95,212.96,209.54,211.45,45029500
2025-05-16,212.36,212.57,209.77,211.26,54737900
2025-05-19,207.91,209.48,204.26,208.78,46140500
2025-05-20,207.67,208.47,205.03,206.86,42496600
2025-05-21,205.17,207.04,200.71,202.09,59211800
2025-05-22,200.71,202.75,199.7,201.36,46742400
2025-05-23,193.67,197.7,193.46,195.27,78432900
2025-05-27,198.3,200.74,197.43,200.21,56288500
2025-05-28,200.59,202.73,199.9,200.42,45339700
2025-05-29,203.58,203.81,198.51,199.95,51396800
2025-05-30,199.37,201.96,196.78,200.85,70819900
2025-06-02,200.28,202.13,200.12,201.7,35423300
2025-06-03,201.35,203.77,200.96,203.27,46381600
2025-06-04,202.91,206.24,202.1,202.82,43604000
2025-06-05,203.5,204.75,200.15,200.63,55126100
2025-06-06,203,205.7,202.05,203.92,46607700
2025-06-09,204.39,206,200.02,201.45,72862600
2025-06-10,200.6,204.35,200.57,202.67,54672600
2025-06-11,203.5,204.5,198.41,198.78,60989900
2025-06-12,199.08,199.68,197.36,199.2,43904600
2025-06-13,199.73,200.37,195.7,196.45,51447300
2025-06-16,197.3,198.69,196.56,198.42,43020700
2025-06-17,197.2,198.39,195.21,195.64,38856200
2025-06-18,195.94,197.57,195.07,196.58,45394700
2025-06-20,198.24,201.7,196.86,201,96813500
2025-06-23,201.63,202.3,198.96,201.5,55814300
2025-06-24,202.59,203.44,200.2,200.3,54064000
2025-06-25,201.45,203.67,200.62,201.56,39525700
2025-06-26,201.43,202.64,199.46,201,50799100
2025-06-27,201.89,203.22,200,201.08,73188600
2025-06-30,202.01,207.39,199.26,205.17,91912800
2025-07-01,206.67,210.19,206.14,207.82,78788900
2025-07-02,208.91,213.34,208.14,212.44,67941800
2025-07-03,212.15,214.65,211.81,213.55,34955800
2025-07-07,212.68,216.23,208.8,209.95,50229000
2025-07-08,210.1,211.43,208.45,210.01,42848900
2025-07-09,209.53,211.33,207.22,211.14,48749400
2025-07-10,210.51,213.48,210.03,212.41,44443600
2025-07-11,210.57,212.13,209.86,211.16,39765800
2025-07-14,209.93,210.91,207.54,208.62,38840100
2025-07-15,209.22,211.89,208.92,209.11,42296300
2025-07-16,210.3,212.4,208.64,210.16,47490500
2025-07-17,210.57,211.8,209.59,210.02,48068100
2025-07-18,210.87,211.79,209.7,211.18,48974600
2025-07-21,212.1,215.78,211.63,212.48,51377400
2025-07-22,213.14,214.95,212.23,214.4,46404100
2025-07-23,215,215.15,212.41,214.15,46989300
2025-07-24,213.9,215.69,213.53,213.76,46022600
2025-07-25,214.7,215.24,213.4,213.88,40268800
2025-07-28,214.03,214.85,213.06,214.05,37858000
2025-07-29,214.18,214.81,210.82,211.27,51411700
2025-07-30,211.9,212.39,207.72,209.05,45512500
2025-07-31,208.49,209.84,207.16,207.57,80698400
2025-08-01,210.87,213.58,201.5,202.38,104434500
2025-08-04,204.51,207.88,201.68,203.35,75109300
2025-08-05,203.4,205.34,202.16,202.92,44155100
2025-08-06,205.63,215.38,205.59,213.25,108483100
2025-08-07,218.88,220.85,216.58,220.03,90224800
2025-08-08,220.83,231,219.25,229.35,113854000
2025-08-11,227.92,229.56,224.76,227.18,61806100
2025-08-12,228.01,230.8,227.07,229.65,55626200
2025-08-13,231.07,235,230.43,233.33,69878500
2025-08-14,234.06,235.12,230.85,232.78,51916300
2025-08-15,234,234.28,229.34,231.59,56038700
2025-08-18,231.7,233.12,230.11,230.89,37476200
2025-08-19,231.28,232.87,229.35,230.56,39402600
2025-08-20,229.98,230.47,225.77,226.01,42263900
2025-08-21,226.27,226.52,223.78,224.9,30621200
2025-08-22,226.17,229.09,225.41,227.76,42477800
2025-08-25,226.48,229.3,226.23,227.16,30983100
2025-08-26,226.87,229.49,224.69,229.31,54575100
2025-08-27,228.61,230.9,228.26,230.49,31259500
2025-08-28,230.82,233.41,229.34,232.56,38074700
2025-08-29,232.51,233.38,231.37,232.14,39418400
2025-09-02,229.25,230.85,226.97,229.72,44075600
2025-09-03,237.21,238.85,234.36,238.47,66427800
2025-09-04,238.45,239.9,236.74,239.78,47549400
2025-09-05,240,241.32,238.49,239.69,54870400
2025-09-08,239.3,240.15,236.34,237.88,48999500
2025-09-09,237,238.78,233.36,234.35,66313900
2025-09-10,232.19,232.42,225.95,226.79,83440800
2025-09-11,226.88,230.45,226.65,230.03,50208600
2025-09-12,229.22,234.51,229.02,234.07,55824200
2025-09-15,237,238.19,235.03,236.7,42699500
2025-09-16,237.18,241.22,236.32,238.15,63421100
2025-09-17,238.97,240.1,237.73,238.99,46508000
2025-09-18,239.97,241.2,236.65,237.88,44249600
2025-09-19,241.23,246.3,240.21,245.5,163741300
2025-09-22,248.3,256.64,248.12,256.08,105517400
2025-09-23,255.88,257.34,253.58,254.43,60275200
2025-09-24,255.22,255.74,251.04,252.31,42303700
2025-09-25,253.21,257.17,251.71,256.87,55202100
2025-09-26,254.1,257.6,253.78,255.46,46076300
2025-09-29,254.56,255,253.01,254.43,40127700
2025-09-30,254.86,255.92,253.11,254.63,37704300
2025-10-01,255.04,258.79,254.93,255.45,48713900
2025-10-02,256.58,258.18,254.15,257.13,42630200
2025-10-03,254.67,259.24,253.95,258.02,49155600
2025-10-06,257.99,259.07,255.05,256.69,44664100
2025-10-07,256.81,257.4,255.43,256.48,31955800
2025-10-08,256.52,258.52,256.11,258.06,36496900
2025-10-09,257.81,258,253.14,254.04,38322000
2025-10-10,254.94,256.38,244,245.27,61999100
2025-10-13,249.38,249.69,245.56,247.66,38142900
2025-10-14,246.6,248.85,244.7,247.77,35478000
2025-10-15,249.49,251.82,247.47,249.34,33893600
2025-10-16,248.25,249.04,245.13,247.45,39777000
2025-10-17,248.02,253.38,247.27,252.29,49147000
2025-10-20,255.89,264.38,255.63,262.24,90483000
2025-10-21,261.88,265.29,261.83,262.77,46695900
2025-10-22,262.65,262.85,255.43,258.45,45015300
2025-10-23,259.94,260.62,258.01,259.58,32754900
2025-10-24,261.19,264.13,259.18,262.82,38253700
2025-10-27,264.88,269.12,264.65,268.81,44888200
2025-10-28,268.99,269.89,268.15,269,41534800
2025-10-29,269.28,271.41,267.11,269.7,51086700
2025-10-30,271.99,274.14,268.48,271.4,69886500
2025-10-31,276.99,277.32,269.16,270.37,86167100
2025-11-03,270.42,270.85,266.25,269.05,50194600
2025-11-04,268.33,271.49,267.62,270.04,49274800
2025-11-05,268.61,271.7,266.93,270.14,43683100
2025-11-06,267.89,273.4,267.89,269.77,51204000
2025-11-07,269.8,272.29,266.77,268.47,48227400
2025-11-10,268.96,273.73,267.46,269.43,41312400
2025-11-11,269.81,275.91,269.8,275.25,46208300
2025-11-12,275,275.73,271.7,273.47,48398000
2025-11-13,274.11,276.7,272.09,272.95,49602800
2025-11-14,271.05,275.96,269.6,272.41,47431300
2025-11-17,268.82,270.49,265.73,267.46,45018300
2025-11-18,269.99,270.71,265.32,267.44,45677300
2025-11-19,265.53,272.21,265.5,268.56,40424500
2025-11-20,270.83,275.43,265.92,266.25,45823600
2025-11-21,265.95,273.33,265.67,271.49,59030800
2025-11-24,270.9,277,270.9,275.92,65585800
2025-11-25,275.27,280.38,275.25,276.97,46914200
2025-11-26,276.96,279.53,276.63,277.55,33431400
2025-11-28,277.26,279,275.99,278.85,20135600
2025-12-01,278.01,283.42,276.14,283.1,46587700
2025-12-02,283,287.4,282.63,286.19,53669500
2025-12-03,286.2,288.62,283.3,284.15,43538700
2025-12-04,284.1,284.73,278.59,280.7,43989100
2025-12-05,280.54,281.14,278.05,278.78,47265800
2025-12-08,278.13,279.67,276.15,277.89,38211800
2025-12-09,278.16,280.03,276.92,277.18,32193300
2025-12-10,277.75,279.75,276.44,278.78,33038300
2025-12-11,279.1,279.59,273.81,278.03,33248000
2025-12-12,277.9,279.22,276.82,278.28,39532900
2025-12-15,280.15,280.15,272.84,274.11,50409100
2025-12-16,272.82,275.5,271.79,274.61,37648600
2025-12-17,275.01,276.16,271.64,271.84,50138700
2025-12-18,273.61,273.63,266.95,272.19,51630700
2025-12-19,272.15,274.6,269.9,273.67,144632000
2025-12-22,272.86,273.88,270.51,270.97,36571800
2025-12-23,270.84,272.5,269.56,272.36,29642000
2025-12-24,272.34,275.43,272.2,273.81,17910600
2025-12-26,274.16,275.37,272.86,273.4,21521800
2025-12-29,272.69,274.36,272.35,273.76,23715200
2025-12-30,272.81,274.08,272.28,273.08,22139600
2025-12-31,273.06,273.68,271.75,271.86,27293600
2026-01-02,272.26,277.84,269,271.01,37838100
2026-01-05,270.64,271.51,266.14,267.26,45647200
2026-01-06,267,267.55,262.12,262.36,52352100
2026-01-07,263.2,263.68,259.81,260.33,48309800
2026-01-08,257.02,259.29,255.7,259.04,50419300
2026-01-09,259.08,260.21,256.22,259.37,39997000
2026-01-12,259.16,261.3,256.8,260.25,45263800
2026-01-13,258.72,261.81,258.39,261.05,45730800
2026-01-14,259.49,261.82,256.71,259.96,40019400
2026-01-15,260.65,261.04,257.05,258.21,39388600
2026-01-16,257.9,258.9,254.93,255.53,72142800
2026-01-20,252.73,254.79,243.42,246.7,80267500
2026-01-21,248.7,251.56,245.18,247.65,54641700
2026-01-22,249.2,251,248.15,248.35,39708300
2026-01-23,247.32,249.41,244.68,248.04,41689000
2026-01-26,251.48,256.56,249.8,255.41,55969200
2026-01-27,259.17,261.95,258.21,258.27,49648300
2026-01-28,257.65,258.86,254.51,256.44,41288000
2026-01-29,258,259.65,254.41,258.28,67253000
2026-01-30,255.17,261.9,252.18,259.48,92443400
2026-02-02,260.03,270.49,259.21,270.01,73913400
2026-02-03,269.2,271.88,267.61,269.48,64394700
2026-02-04,272.29,278.95,272.29,276.49,90545700
2026-02-05,278.13,279.5,273.23,275.91,52977400
2026-02-06,277.12,280.91,276.93,278.12,50453400
2026-02-09,277.91,278.2,271.7,274.62,44623400
2026-02-10,274.89,275.37,272.94,273.68,34376900
2026-02-11,274.7,280.18,274.45,275.5,51931300
2026-02-12,275.59,275.72,260.18,261.73,81077200
2026-02-13,262.01,262.23,255.45,255.78,56290700
2026-02-17,258.05,266.29,255.54,263.88,58469100
2026-02-18,263.6,266.82,262.45,264.35,34203300
2026-02-19,262.6,264.48,260.05,260.58,30845300
2026-02-20,258.97,264.75,258.16,264.58,42070500
2026-02-23,263.49,269.43,263.38,266.18,37308200
2026-02-24,267.86,274.89,267.71,272.14,47014600
2026-02-25,271.78,274.94,271.05,274.23,33714300
2026-02-26,274.95,276.11,270.8,272.95,32345100
2026-02-27,272.81,272.81,262.89,264.18,72366500
2026-03-02,262.41,266.53,260.2,264.72,41827900
2026-03-03,263.48,265.56,260.13,263.75,38568900
2026-03-04,264.65,266.15,261.42,262.52,39803100
2026-03-05,260.79,261.56,257.25,260.29,49658600
2026-03-06,258.63,258.77,254.37,257.46,41120000
2026-03-09,255.69,261.15,253.68,259.88,38218500
2026-03-10,257.65,262.48,256.95,260.83,30590800
2026-03-11,261.09,262.13,259.55,260.81,26218900
2026-03-12,258.66,258.95,254.18,255.76,40794000
2026-03-13,255.48,256.33,249.52,250.12,36930000
2026-03-16,252.11,253.89,249.88,252.82,32074200
2026-03-17,252.96,255.13,252.18,254.23,32361600
2026-03-18,252.63,254.94,249,249.94,35757900
2026-03-19,249.4,251.83,247.3,248.96,34864100
2026-03-20,247.98,249.2,246,247.99,88331100
2026-03-23,253.97,254.6,250.28,251.49,40546100
2026-03-24,250.35,254.83,249.55,251.64,45152300
2026-03-25,254.1,255,251.6,252.62,28476700
2026-03-26,252.12,257,250.77,252.89,41796700
2026-03-27,253.9,255.49,248.07,248.8,47900000
2026-03-30,250.07,250.87,245.51,246.63,39446200
2026-03-31,247.91,255.48,247.1,253.79,49598100
2026-04-01,254.08,256.18,253.33,255.63,40059400
2026-04-02,254.2,256.13,250.65,255.92,31289400
2026-04-06,256.51,262.16,256.46,258.86,29329900
2026-04-07,256.16,256.2,245.7,253.5,62148000
2026-04-08,258.45,259.75,256.53,258.9,41032800
2026-04-09,259,261.12,256.07,260.49,28121600
2026-04-10,259.98,262.19,259.02,260.48,31291500
2026-04-13,259.73,260.18,256.66,259.2,36234700
2026-04-14,259.25,261.93,257.19,258.83,48370700
2026-04-15,258.16,266.56,257.81,266.43,49913500
2026-04-16,266.8,267.16,261.27,263.4,43323100
2026-04-17,266.96,272.3,266.72,270.23,61436200
2026-04-20,270.33,274.28,270.29,273.05,36590200
2026-04-21,271.5,272.8,265.4,266.17,50209800
2026-04-22,267.82,273.74,266.87,273.17,43249200
2026-04-23,275.05,275.77,271.65,273.43,33399600
2026-04-24,272.76,273.06,269.65,271.06,38157100
2026-04-27,266.09,268.36,265.07,267.61,41466800
2026-04-28,272.34,273.23,268.66,270.71,40018900
2026-04-29,267.55,271.04,267.04,270.17,30047900
2026-04-30,270.5,276,268.14,271.35,91848200
2026-05-01,278.86,287.22,278.37,280.14,79915400
2026-05-04,279.66,280.63,274.86,276.83,46668400
2026-05-05,276.93,284.57,276.5,284.18,49311700
2026-05-06,281.92,288.03,281.07,287.51,58336100
2026-05-07,289.27,292.13,285.78,287.44,45224300
2026-05-08,290.01,294.76,290,293.32,52692800
2026-05-11,291.98,293.88,290.23,292.68,42247300
2026-05-12,292.56,295.27,292.56,294.8,45748100
2026-05-13,293.5,300.92,293.5,298.87,52684300
2026-05-14,299.82,300.45,295.38,298.21,35324900
2026-05-15,297.9,303.2,296.52,300.23,54862800
2026-05-18,300.24,300.66,294.91,297.84,34483000
2026-05-19,296.97,300.51,296.35,298.97,42243600
2026-05-20,298.18,302.8,298.08,302.25,38229800
2026-05-21,301.06,305.54,300.4,304.99,42965100
2026-05-22,306.12,311.4,305.84,308.82,43670200
2026-05-26,309.56,311.82,307.67,308.33,48000500
2026-05-27,308.33,313.26,308.3,310.85,50430900
2026-05-28,310.68,312.8,309.57,312.51,48220400
2026-05-29,311.78,315,309.53,312.06,70026800
2026-06-01,309.63,310.94,305.02,306.31,48849900
2026-06-02,307.46,315.45,306.69,315.2,44534700
2026-06-03,314.18,316.94,308.85,310.26,50836700
2026-06-04,313.23,313.54,309.65,311.23,44869100
2026-06-05,312.86,315.17,307.15,307.34,65310500
2026-06-08,308.74,317.4,301.17,301.54,77949100
2026-06-09,300.28,300.75,287.78,290.55,70108800
2026-06-10,290.74,294.75,287.38,291.58,52793300
2026-06-11,293.72,297,289.59,295.63,42572500
2026-06-12,296.03,297.14,289.62,291.13,38742100
2026-06-15,294.12,297.78,291.7,296.42,45732600
2026-06-16,295.25,300.48,293.97,299.24,39874400
2026-06-17,300.85,302.07,294.36,295.95,42745100
2026-06-18,298.11,300.57,295.62,298.01,85962200
2026-06-22,297.31,302.42,296.76,297.01,44879900
2026-06-23,297.54,301.64,294.18,294.3,52010900
2026-06-24,295.36,299.7,292.94,293.08,53081900
2026-06-25,287.4,288.8,273.75,275.15,107013700
2026-06-26,275,285.95,274.21,283.78,261775500
2026-06-29,286.73,288.37,279.85,281.74,66427000
2026-06-30,281.17,289.94,280.7,289.36,65100200
2026-07-01,293.44,296.59,289.2,294.38,50164200
2026-07-02,294.12,309.42,293.68,308.63,75352800
2026-07-06,307.36,314.2,307,312.66,53590000
2026-07-07,315.29,315.48,310.15,310.66,42490000
2026-07-08,311.91,314.82,307.05,313.39,41323500
2026-07-09,310.51,316.53,308.16,316.22,48124500
2026-07-10,314.72,316.91,312.17,315.32,34132300
2026-07-13,317.02,323.45,315.78,317.31,43257800
2026-07-14,313.76,316.19,311.91,314.86,36336800
2026-07-15,317.62,328.73,317.32,327.5,60957600
2026-07-16,328.01,334.68,326.79,333.26,62970600
2026-07-17,331.98,334.99,329,333.74,63407100
2026-07-20,333.51,333.71,323.68,326.59,53468000
2026-07-21,323.13,329.6,322.22,327.74,41338900
2026-07-22,327.87,329,323.34,325.89,38755900
2026-07-23,321.73,323.3,319.35,321.66,40840800
2026-07-24,321.79,334.37,321.62,333.02,47489400
2026-07-27,334.54,339.57,334.02,336.91,49604300
2026-07-28,340.03,342.89,335.6,340.08,51859000
2026-07-29,339.73,344.57,337.35,338.19,56090800
2026-07-30,333.1,334.75,329.59,333.43,74817800
2026-07-31,304.81,310.69,300,308.91,132489100
2026-08-03,309.58,311.8,302.56,303.42,75052000
2026-08-04,302.73,310.42,301.32,309.38,68001000
2026-08-05,309.36,311.71,305.67,311,49438800
2026-08-06,314.34,316.29,309.23,312.41,46139900
2026-08-07,311.45,314.81,310.74,313.33,34437200
2026-08-10,306.83,308.26,304.61,308.26,44812500
2026-08-11,307.75,309.97,302.79,304.91,37476700
2026-08-12,305.1,305.66,300.57,302.25,41657800
2026-08-13,304.21,306,302.05,305.26,40349300
2026-08-14,306,307.49,304.3,305.93,28229400
2026-08-17,306.21,307.66,302.94,305.59,38169300
2026-08-18,307.58,311.49,305.74,310.03,53424500
2026-08-19,310.14,319.28,309.6,316.83,50505600
2026-08-20,317.46,320.28,310.65,311.3,40959200
2026-08-21,312.05,312.38,307.01,309.35,46876800
2026-08-24,311.47,313.36,309.97,310.34,34673600
2026-08-25,310.79,313.59,308.21,309.9,25869800
2026-08-26,310.3,315.43,308.8,313.45,34024500
2026-08-27,310.55,315.4,309.4,314.58,32419200
2026-08-28,316.85,322.37,315.45,319.7,38649400
2026-08-31,319.6,321.24,312.8,316.85,41242700
2026-09-01,316.98,327.3,314.73,325.13,53167400
2026-09-02,326.87,328.4,323.53,324.96,33776400
2026-09-03,324.87,330.81,324.11,328.21,37225800
2026-09-04,328.31,328.93,317.86,319.97,39551800
